"gvkey","ticker","permno","conm","state","incorp"
"001021","AFPC",10218,"AFP IMAGING CORP","NY","NY"
"001108","ACX",51510,"PRINCETON HOLDINGS INC","NY","PA"
"001418","ACIX",12619,"TRANSFINANCIAL HOLDINGS INC","KS","DE"
"001418","ACIX",77200,"TRANSFINANCIAL HOLDINGS INC","KS","DE"
"001475","AHO",41734,"AMDURA CORP","CT","DE"
"001544","AQAS",13638,"AMERAC ENERGY CORP","TX","DE"
"001661","AEL",29102,"NABORS INDUSTRIES LTD","",""
"002007","BTX",63511,"FIRST BANKS AMER INC","CA","DE"
"002060","BISC",85842,"BARRISTER GLOBAL SVCS NTWK","LA","DE"
"002070","BASE",17057,"BASE TEN SYSTEMS  -CL A","NJ","NJ"
"002138","BI",29639,"BELL INDUSTRIES INC","IN","CA"
"002176","BKHT",17778,"BERKSHIRE HATHAWAY","NE","DE"
"002237","AA25",18148,"SPHERIX INC  -OLD","NY","DE"
"002433","BNS",42606,"BNS HOLDING CO","RI","DE"
"002800","CAVR",86431,"CARVER CORP/WA","BC","WA"
"002990","CLNC",88208,"IMUNON INC","NJ","DE"
"003288","CMPH",25583,"COMPREHENSIVE CARE CORP","FL","DE"
"003503","BUGS",27124,"COOPER DEVELOPMENT CO","CA","DE"
"003691","OX03",29744,"GT BIOPHARMA INC","CA","DE"
"003785","DTM",63546,"DATARAM CORP - OLD","NJ","NV"
"004182","ESTO",31457,"WORKSAFE INDUSTRIES INC","NY","NY"
"004568","FNL",24918,"FANSTEEL INC/DE","IA","DE"
"004632","PHSM",34666,"LISATA THERAPEUTICS INC","NJ","DE"
"004856","FOUR",37365,"FORUM GROUP INC","VA","IN"
"004933","FRV",66560,"BANYAN CORP","CA","DE"
"005336","GRPI",40062,"ALSERES PHARMACEUTICALS INC","MA","DE"
"005475","HOGI",40970,"HKN INC","TX","DE"
"005750","HVN",65285,"HOVNANIAN ENTRPRS INC  -CL A","NJ","DE"
"006886","MPSG",50543,"MPSI SYSTEMS INC","OK","DE"
"006930","NAP3",79853,"NORTH AMERICAN PALLADIUM","ON",""
"007092","MSCP",51829,"CCUR HOLDINGS INC","GA","DE"
"007694","NSTK",80004,"MARINA BIOTECH INC -OLD","WA","DE"
"007758","NM",53137,"E4L INC","CA","DE"
"007826","BIME",80433,"DONLAR CORP","IL","IL"
"008052","NUMS",58801,"PROGRESSIONS HEALTH SYS INC","CA","DE"
"008062","OAK",34825,"OAK INDUSTRIES INC","MA","DE"
"008428","PGO",60329,"PENGO INDUSTRIES INC","CA","TX"
"008681","PSI",63300,"NORTH HILLS SIGNAL PROCESSNG","NY","DE"
"008838","PYOL",64822,"PYRAMID OIL CO","CA","CA"
"008974","RB",46228,"R & B FALCON CORP","TX","DE"
"009097","REUT",66705,"MAGSTAR TECHNOLOGIES INC","MN","MN"
"009297","RYN",52062,"RYAN HOMES INC","VA","PA"
"009311","SBEI",68145,"SBE INC","CA","DE"
"009501","SCIX",78361,"SUNY CELLULAR COMMUNICATION","",""
"009724","SVRI",70675,"SILICON VALLEY RESEARCH INC","CA","CA"
"010565","TDW",50606,"TIDEWATER INC","TX","DE"
"010734","TMED",77332,"TRIMEDYNE INC","CA","NV"
"010816","USG",79244,"USG CORP","IL","DE"
"010816","USG",19131,"USG CORP","IL","DE"
"011161","VII",61700,"VICON INDUSTRIES INC","NY","NY"
"011318","WAXM",81753,"WAXMAN INDUSTRIES","OH","DE"
"011427","WU",15325,"NEW VALLEY CORP","FL","DE"
"011427","WU",88639,"NEW VALLEY CORP","FL","DE"
"011450","WONE",82668,"WESTWOOD ONE INC  -OLD","NY","DE"
"011644","YNK",63079,"KEY ENERGY SERVICES INC","TX","DE"
"011649","YELL",59483,"YELLOW CORP","TN","DE"
"011670","ZOS",38295,"SPECTRUM BRND HLDG INC","WI","DE"
"011708","GWAY",88285,"FUNCTION(X) INC","NY","DE"
"011729","FFC",68419,"WHITE MTNS INS GROUP LTD","",""
"011738","FMPN",90498,"TRADE STREET RESIDENTIAL INC","FL","MD"
"011866","FOAM",10047,"LAMONTS APPAREL INC","WA","DE"
"011912","CLST",86765,"CST ENTERTAINMENT INC","CA","DE"
"012252","XOMA",10333,"XOMA CORP","CA",""
"012263","MBF",69526,"MAI SYSTEMS CORP","CA","DE"
"012365","ASAA",10418,"ASA INTERNATIONAL LTD","MA","DE"
"012459","RYN",69569,"NVR INC","VA","VA"
"012459","RYN",79785,"NVR INC","VA","VA"
"012593","PRCC",10244,"UNIVERSAL DETECTION TECHNOL","CA","CA"
"012713","CHMX",87656,"ABEONA THERAPEUTICS INC","NY","DE"
"012713","CHMX",23019,"ABEONA THERAPEUTICS INC","NY","DE"
"012757","PHTC",62552,"W WORLD CORP","NV","NV"
"012895","GGLF",75222,"AXIALL CORP","GA","DE"
"012987","VRNG",12017,"XWELL INC","NY",""
"013184","CYTR",10838,"LADRX CORP","CA","DE"
"013338","JAYJ",11344,"JACOBS (JAY) INC","ON","WA"
"013370","AREL",11385,"ENTERPRISE INFORMATICS INC","CA","CA"
"013378","FIBR",11381,"SORRENTO NETWORKS CORP","CA","NJ"
"013460","VDYS",14135,"PEDEVCO CORP","TX","TX"
"013484","AA0T",75549,"SOLIGENIX INC","NJ","DE"
"013484","AA0T",16533,"SOLIGENIX INC","NJ","DE"
"013550","NUT",69534,"HAWAIIAN MCADM NT ORCHRD LP","HI","DE"
"013794","KOOL",11394,"THERMOGENESIS HOLDINGS INC","CA","DE"
"013835","RGLS",13652,"REGULUS THERAPEUTICS INC","CA","DE"
"013868","UFF",75102,"UNIONFED FINANCIAL CORP","CA","DE"
"014292","CAF1",76633,"FURRS RESTAURANT GRP  -CL A","TX","DE"
"014292","CAF1",82792,"FURRS RESTAURANT GRP  -CL A","TX","DE"
"014297","PLM1",75266,"PLM INTERNATIONAL INC","CT","DE"
"014622","NERX",12063,"PONIARD PHARMACEUTICALS INC","WA","WA"
"014628","RXN",75358,"HUNTSMAN POLYMERS CORP","UT","DE"
"014628","RXN",77903,"HUNTSMAN POLYMERS CORP","UT","DE"
"015190","INTA",78690,"COMAMTECH INC -OLD","ON",""
"015215","OVSC",13883,"OVASCIENCE INC","MA","DE"
"015240","URIX",75672,"WESTWATER RESOURCES INC","CO","DE"
"015261","FRCC",12169,"DORAL FINANCIAL CORP","PR","PR"
"015758","BMT",75645,"4-D NEUROIMAGING","CA","CA"
"016480","CORX",75962,"RESPIRERX PHARMACEUTICALS","NJ","DE"
"016972","ANY",14791,"SPHERE 3D CORP","CT",""
"017114","SBIG",69906,"SEIBELS BRUCE GROUP INC","SC","SC"
"017175","DELM",16164,"KINTARA THERAPEUTICS INC","CA","NV"
"017485","DRIO",15961,"DARIOHEALTH CORP","NY","DE"
"017897","QIWI",13941,"QIWI PLC","",""
"017910","HTBX",14051,"SCORPIUS HOLDINGS INC","NC","DE"
"018108","COIN",91893,"FINJAN HOLDINGS INC","CA","DE"
"018161","TANC",14046,"CONATUS PHARMACEUTICALS INC","CA","DE"
"018172","ONTX",14056,"ONCONOVA THERAPEUTICS INC","PA","DE"
"018490","NXTD",14934,"LOGICMARK INC","KY","NV"
"018566","EPCT",91078,"IMMUNE PHARMACEUTICALS INC","NJ","DE"
"018666","CTSC",76908,"ASENSUS SURGICAL INC","NC","DE"
"018738","AA25",18148,"DOMINARI HOLDINGS INC","NY","DE"
"018936","003G",14615,"VITAL THERAPIES INC","CA","DE"
"019117","000Z",14449,"BIOCEPT INC","CA","DE"
"019205","SPDU",92686,"CAPRICOR THERAPEUTICS INC","CA","DE"
"019458","001A",14452,"CARISMA THERAPEUTICS INC","PA","DE"
"019538","STSA",11056,"STERLING FINANCIAL CORP/WA","WA","WA"
"019722","BPMX",15443,"BIOPHARMX CORP","CA","DE"
"019761","CTRV",15219,"HEPION PHARMACEUTICALS INC","NJ","DE"
"020010","005I",14645,"AGILE THERAPEUTICS INC","NJ","DE"
"020037","00AW",14708,"SIGNAL GENETICS INC","CA","DE"
"020135","QTNT",14666,"QUOTIENT LTD","",""
"020530","BABA",14888,"ALIBABA GROUP HLDG","",""
"021003","ZSAN",15187,"ZOSANO PHARMA CORP","CA","DE"
"021033","TTOO",14879,"T2 BIOSYSTEMS INC","MA","DE"
"021082","TELK",88572,"MABVAX THERAPEUTICS HLDGS","CA","DE"
"021126","CRXX",90968,"EPIRUS BIOPHARMACEUTICALS","MA","DE"
"021132","FSCS",13896,"FIBROCELL SCIENCE INC","PA","DE"
"021208","EARS",14865,"ALTAMIRA THERAPEUTICS LTD","",""
"021218","IASG",76373,"INTL AIRLINE SUPPORT GROUP","GA","DE"
"021218","IASG",84664,"INTL AIRLINE SUPPORT GROUP","GA","DE"
"021223","CFRX",14927,"CONTRAFECT CORP","NY","DE"
"021232","NTNX",76963,"NTN BUZZTIME INC","CA","DE"
"021282","EYEG",15510,"KIORA PHARMACEUTICALS INC","CA","DE"
"021362","00B1",14937,"TOKAI PHARMACEUTICALS INC","MA","DE"
"021452","FWP",15009,"FORWARD PHARMA AS","",""
"021598","DRVR",86165,"ACCESSITY CORP","FL","NY"
"021606","WORK",76538,"WORK RECOVERY INC","AZ","CO"
"021619","JAGX",15375,"JAGUAR ANIMAL HEALTH INC-OLD","CA","DE"
"021627","00BW",14995,"CALITHERA BIOSCIENCES INC","CA","DE"
"021659","IMNR",76166,"ORCHESTRA THERAPEUTICS INC","CA","DE"
"021732","PYOL",64822,"YUMA ENERGY INC -OLD","TX","CA"
"021802","PRTO",15015,"PROTEON THERAPEUTICS INC","MA","DE"
"021838","PLC1",16112,"VIVEVE MEDICAL INC","CO",""
"021998","NEOT",15075,"NEOTHETICS INC","CA","DE"
"022177","USHP",83566,"VELOCITY EXPRESS CORP","TX","DE"
"022229","HSGX",15132,"HISTOGENICS CORP","MA","DE"
"022567","QYPI",76335,"QUALITY PRODUCTS INC","OH","DE"
"022673","FLKS",15177,"FLEX PHARMA INC","MA","DE"
"022676","00LU",15268,"CHECK-CAP LTD","",""
"022704","AVGR",15172,"AVINGER INC","CA",""
"022713","HTGM",15374,"HTG MOLECULAR DIAGNOSTICS","AZ","DE"
"023098","RKDA",15382,"ARCADIA BIOSCIENCES INC","TX","DE"
"023241","OPGN",15381,"OPGEN INC","MD","DE"
"023291","BLTI",78071,"BIOLASE INC","CA","DE"
"023422","RTTR",15436,"RITTER PHARMACEUTICALS INC","CA","DE"
"023553","SABB",83551,"PACIFIC CAPITAL BANCORP","CA","DE"
"023813","SNSS",90907,"VIRACTA THERAPEUTICS INC","CA","DE"
"023980","00RX",15416,"ASTRIA THERAPEUTICS INC","MA","DE"
"024114","CTY2",82478,"AVALON CORRECTIONAL SVCS INC","OK","NV"
"024199","SP0C",82215,"AMERI HOLDINGS INC","GA","DE"
"024376","CTSC",76908,"SAFESTITCH MEDICAL INC-OLD","FL","DE"
"024475","CICI",83742,"ISIGN SOLUTIONS INC","CA","DE"
"024497","AUGI",77203,"SOLAR THIN FILMS INC","NY","DE"
"024599","AGLE",16005,"SPYRE THERAPEUTICS INC","MA","DE"
"024658","CBDB",13412,"IDEANOMICS INC","NY",""
"024741","RED2",77364,"AMERICA WEST RESOURCES INC","UT","NV"
"024767","RETX",77169,"VERTEL CORP","CA","CA"
"024781","GNTA",77180,"GENTA INC","NJ","DE"
"024935","CMTR",77348,"CHEMTRAK INC","CA","DE"
"025013","PLC1",77568,"PLC SYSTEMS INC","MA",""
"025095","CTII",77437,"STEMCELLS INC","CA","DE"
"025129","DNAI",15507,"SIERRA ONCOLOGY","CA","DE"
"025215","ADLR",77574,"ALL FOR A DOLLAR INC","AB","DE"
"025430","ERC1",77699,"FUELCELL ENERGY INC","CT","DE"
"025681","LQMD",77865,"CHINA INSONLINE CORP","","DE"
"025683","CCEE",77915,"PAYBOX CORP","FL","DE"
"025750","LRP",77569,"APTOSE BIOSCIENCES INC","ON",""
"025779","JUST",77968,"JUST TOYS INC","NY","DE"
"025805","DLK",87462,"BUDDING TIMES INC","RI","NV"
"025808","ALYD",85673,"INFORMATION ARCHITECTS CORP","FL","NC"
"025993","CRTQ",78846,"KENT INTL HOLDINGS INC","CA","NV"
"025999","TRGT",91184,"GYRE THERAPEUTICS INC","CA","DE"
"026009","PTIH",78113,"PTI HOLDING INC","DE","DE"
"026033","CAF1",78795,"CAPITOL AMERICAN FINL CORP","OH","OH"
"026064","DYTK",78214,"DYNTEK INC","CA","DE"
"026094","MIRN",15787,"MIRNA THERAPEUTICS INC","TX","DE"
"026148","NBRV",15656,"NABRIVA THERAPEUTICS PLC","",""
"026747","SHM",79124,"SHEFFIELD PHARMACEUTICL -OLD","MI","DE"
"026755","010V",15950,"PROTEOSTASIS THERAPEUTICS","MA","DE"
"026809","TMOT",86536,"CERVOMED INC","MA","DE"
"026900","CHMP",78816,"CHAMPION INDUSTRIES INC","WV","WV"
"026922","MILB",84321,"PROTAGENIC THERAPEUTICS INC","NY","DE"
"027141","ENIC",16034,"ENEL CHILE SA","",""
"027201","017Q",16255,"GEMPHIRE THERAPEUTICS INC","MI","DE"
"027299","0153",16120,"51TALK ONLINE EDU GROUP -ADR","",""
"027699","AZRX",16377,"FIRST WAVE BIOPHARMA INC","FL","DE"
"027756","SHMN",78839,"SHAMAN PHARMACEUTICALS INC","CA","DE"
"027765","OLGC",78836,"CAPSTONE THERAPEUTICS CORP","AZ","DE"
"027786","CSPK",78877,"CHESAPEAKE ENERGY CORP","OK","OK"
"027913","SCO2",79006,"SUPERCONDUCTOR TECHNOLOGIES","TX","DE"
"027920","VICL",79022,"VICAL INC","CA","DE"
"027939","SYBD",93237,"TENAX THERAPEUTICS INC","NC","DE"
"028016","BROC",78959,"TEXTMUNICATION HOLDINGS -OLD","GA","GA"
"028086","OBLN",16393,"OBALON THERAPEUTICS INC","CA","DE"
"028285","AA3T",79167,"SPECTRUM GROUP INTL INC","CA","DE"
"028365","SNES",16532,"SENESTECH INC","AZ","DE"
"028461","HRVY",79271,"TRESTLE HOLDINGS INC -OLD","CA","DE"
"028532","AERN",79367,"AER ENERGY RESOURCES INC","AZ","GA"
"028564","SGY",79444,"STONE ENERGY CORP","LA","DE"
"028691","DME1",79480,"ALLEGRO BIODIESEL CORP","CA","MN"
"028716","GOVT",79631,"BERKELEY TECHNOLOGY LTD","",""
"028795","OXGN",79516,"MATEON THERAPEUTICS INC -OLD","CA","DE"
"028852","JAG",92178,"JAGUAR MINING INC","ON",""
"029018","BIOD",92032,"ALBIREO PHARMA INC","MA","DE"
"029063","EWEB",79393,"ECO-TRADE CORP","DC","DE"
"029086","IFLM",79702,"PALATIN TECHNOLOGIES INC","NJ","DE"
"029293","CTII",77437,"MICROBOT MEDICAL INC","MA","DE"
"029319","POSI",80017,"POSITRON CORP","NY","TX"
"029378","01ST",16940,"BEST INC ADS","",""
"029403","CAFE",79945,"COUNTRY STAR RESTAURANTS INC","CA","DE"
"029687","LPTN",13648,"APOLLO ENDOSURGERY INC","TX","DE"
"029708","PRCT",80265,"IFLI ACQUISITION CORP-OLD","FL","DE"
"029746","NMSS",80257,"LIVE MICROSYSTEMS INC","PA","DE"
"029803","INS1",80334,"EBT INTERNATIONAL INC","MA","DE"
"029874","URMD",80372,"UROMED CORP","CA","DE"
"030012","HMSR",80452,"POINT THERAPEUTICS INC","MA","DE"
"030216","PNDA",80564,"PANDA PROJECT INC","NY","FL"
"030236","TGEN",80577,"AMPLIPHI BIOSCIENCES CORP","CA","WA"
"030281","LJPC",80640,"LA JOLLA PHARMACEUTICAL CO","MA","DE"
"030311","00AW",14708,"VIRIDIAN THERAPEUTICS INC","MA","DE"
"030328","FA1A",80625,"COMMUNITYONE BANCORP","NC","NC"
"030398","NPIX",80652,"FALCONSTOR SOFTWARE INC","TX","DE"
"030398","NPIX",89099,"FALCONSTOR SOFTWARE INC","TX","DE"
"030614","FBST",80812,"ENERGY FOCUS INC","OH","DE"
"030649","WAVX",80858,"WAVE SYSTEMS CORP  -CL A","MA","DE"
"030903","VOXL",81117,"VOXEL","FL","CA"
"031177","BKYS",90101,"SAVARA INC","TX","DE"
"031193","ACTC",82248,"DIGITAL ANGEL CORP-OLD2","CT","DE"
"031249","PIPK",90926,"ALTIMMUNE INC","MD","DE"
"031301","00B1",14937,"ELEDON PHARMACEUTICALS INC","CA","DE"
"031484","TCPI",81280,"TCPI INC","FL","FL"
"031563","TMSR",81281,"CENTERSPAN COMMUN CORP","OR","OR"
"031578","PCMS",81502,"AZZURRA HOLDING CORP","CA","DE"
"031624","01NX",16755,"BLUE APRON HOLDNG INC","NY","DE"
"031857","NINE",81632,"NUMBER NINE VISUAL TECH CORP","CO","DE"
"032014","DTM",63546,"U.S. GOLD CORP","NV","NV"
"032018","KALA",16824,"KALA BIO INC","MA","DE"
"032074","XELA",15271,"EXELA TECHNOLOGIES INC","TX","DE"
"032078","TBIO",88471,"PRECIPIO INC","CT","DE"
"032193","01Q3",16818,"CIBUS INC","CA","DE"
"032267","TPHI",90604,"MOLECULAR TEMPLATES","TX","DE"
"032271","SNUS",82526,"ACHIEVE LIFE SCIENCES INC","BC","DE"
"032316","JAGX",15375,"JAGUAR HEALTH INC","CA","DE"
"032365","MIRN",15787,"SYNLOGIC INC","MA","DE"
"032380","HAIR",16987,"RESTORATION ROBOTIC INC","CA","DE"
"032381","NCNA",16929,"NUCANA PLC -ADS","",""
"032459","PFTR",91471,"ACER THERAPEUTICS INC","MA","DE"
"032795","ODT",17154,"ODONATE INC","NY","DE"
"032858","SNTT",89411,"ELOXX PHARMACEUTICALS INC","MA","DE"
"032901","RXII",92594,"SELLAS LIFE SCIENCES GROUP I","NY","DE"
"032961","NEOT",15075,"EVOFEM BIOSCIENCES INC","CA","DE"
"032984","BBMO",13965,"NEUBASE THERAPEUTICS INC","PA","DE"
"033047","WPCS",90640,"DROPCAR INC","NY","DE"
"034528","OVSC",13883,"MILLENDO THERAPEUTICS INC","MI","DE"
"034621","LEVB",17091,"CBDMD INC","NC","NC"
"034709","NEXM",88177,"SEELOS THERAPEUTICS INC","NY","NV"
"035477","FLKS",15177,"SALARIUS PHARMACEUTICALS INC","TX","DE"
"035632","VICL",79022,"FRESH TRACKS THERAPEUTIC INC","CO","DE"
"035712","HSGX",15132,"OCUGEN INC","PA","DE"
"035850","HAIR",16987,"VENUS CONCEPT INC","ON","DE"
"036003","WIR1",81761,"OBLONG INC","CO","DE"
"036014","017Q",16255,"NEUROBO PHARMACEUTICALS INC","MA","DE"
"036044","PRTO",15015,"PROTARA THERAPEUTICS INC","NY","DE"
"036356","HOTR",13455,"SONNET BIOTHERAPEUTICS HOLD","NJ","DE"
"036475","RTTR",15436,"QUALIGEN THERAPEUTICS INC","CA","DE"
"036506","BPMX",15443,"TIMBER PHARMACEUTICALS INC","NJ","DE"
"036525","TANC",14046,"HISTOGEN INC","CA","DE"
"036535","WPCS",90640,"AYRO INC","TX","DE"
"037396","MYOS",14820,"MEDAVAIL HOLDINGS INC","AZ","DE"
"037588","010V",15950,"KINETA INC","WA","DE"
"037640","SP0C",82215,"ENVERIC BIOSCIENCES INC","FL","DE"
"038496","NTNX",76963,"ETERNA THERAPEUTICS INC","MA","DE"
"038539","GIXC",14094,"VYANT BIO INC","NJ","DE"
"038711","NRLS",92252,"PALISADE BIO INC","CA","DE"
"039104","OVSC",13883,"TEMPEST THERAPEUTICS INC","CA","DE"
"060888","WIR1",81761,"GLOWPOINT INC -OLD","CO","DE"
"060916","HWYM",81713,"REMOTE DYNAMICS INC","TX","DE"
"060938","NEIB",81726,"NORTHEAST INDIANA BANCORP","IN","DE"
"061068","ACRS",81849,"SMS ALTERNATIVES INC","NC","DE"
"061112","UACA",82221,"WHITE RIVER CAPITAL INC","CA","IN"
"061112","UACA",91728,"WHITE RIVER CAPITAL INC","CA","IN"
"061140","AA09",82156,"WINDTREE THERAPEUTICS INC","PA","DE"
"061166","CLGY",82163,"CELLEGY PHARMACEUTICALS -OLD","PA","DE"
"061314","PCTH",82271,"PACIFIC AEROSPACE&ELECTR INC","WA","WA"
"061414","SNUS",82526,"SONUS PHARMACEUTICALS INC","WA","DE"
"061536","NXUS",80655,"POINTER TELOCATION LTD","",""
"061711","MHTT",82670,"TG THERAPEUTICS INC","NC","DE"
"061717","ERGO",82695,"ERGO SCIENCE CORP","MA","DE"
"061755","ELCO",82693,"ELCOM INTERNATIONAL INC","MA","DE"
"061766","SPAB",82747,"ASTROTECH CORP","TX","DE"
"061836","TTNP",82848,"TITAN PHARMACEUTICALS INC","CA","DE"
"061899","HYBN",82824,"ACERAGEN INC","PA","DE"
"062110","NEXM",88177,"APRICUS BIOSCIENCES INC","CA","NV"
"062304","PCRV",83298,"RADIOIO INC","NY","NV"
"062488","GGEN",83267,"GALAGEN INC","CA","DE"
"062497","ORTC",83543,"FORTICELL BIOSCIENCE INC","NY","DE"
"062525","HE17",83762,"AIM IMMUNOTECH INC","FL","DE"
"062923","NOVT",83535,"NOVT CORP","CA","FL"
"063026","VRLK",83709,"EXELED HOLDINGS INC","CO","DE"
"063030","ENMD",83651,"CASI PHARMACEUTICALS INC","",""
"063059","AMSS",85523,"TRULI MEDIA GROUP INC","TX","DE"
"063062","TMOT",86536,"RESTORGENEX CORP-OLD","IL","NV"
"063081","ARDM",83622,"ARADIGM CORP","CA","CA"
"063138","IMN",83602,"GLASSBRIDGE ENTERPRISES INC","NY","DE"
"063147","AVS",83588,"TIMCO AVIATION SERVICES INC","NC","DE"
"063451","TLSP",83915,"TELESPECTRUM WORLDWIDE INC","PA","DE"
"063562","AEL2",88240,"AETERNA ZENTARIS INC","SC",""
"063671","ORCT",84008,"BEEIO HONEY LTD","",""
"063673","CMZC",91043,"COMPTON PETROLEUM CORP","AB",""
"063687","UBCD",84140,"CENTRUE FINANCIAL CORP","IL","DE"
"063716","PGTV",84117,"XANADOO CO","PA","DE"
"063790","BKYS",90101,"MAST THERAPEUTICS","CA","DE"
"063912","VTCH",84282,"A CLEAN SLATE INC -OLD","FL","DE"
"063915","ALLN",84187,"ALLIN CORP","CO","DE"
"063979","CLIK",84237,"TIGER X MEDICAL INC","CA","DE"
"064041","NEOM",84239,"NEOMEDIA TECHNOLOGIES INC","CO","DE"
"064132","WHRT",84352,"WORLD HEART CORP","UT","DE"
"064163","AA3G",84302,"AULT ALLIANCE INC","NV","DE"
"064176","MILB",84321,"MILLBROOK PRESS INC","CA","DE"
"064200","TDRP",84335,"DIGITAL INFO SECURITY CO","CO","DE"
"064515","CTIC",84604,"CTI BIOPHARMA CORP","WA","DE"
"064699","FLGS",84734,"FLAGSTAR BANCORP INC","MI","MI"
"064747","TIW1",86194,"TELESYSTEM INTL WIRELESS INC","QC",""
"064796","MTSL",84819,"MER TELEMGMT SOLUTIONS LTD","",""
"064865","CRDM",85005,"CARDIMA INC","CA","DE"
"064930","TIBB",85047,"TIB FINANCIAL CORP","FL","FL"
"065016","SPRX",85212,"GUIDED THERAPEUTICS INC","GA","DE"
"065243","HYSQ",85293,"NUVELO INC","CA","DE"
"065247","TACX",85320,"HELIOS AND MATHESON ANALYTIC","NY","DE"
"065342","NTFY",85303,"NOTIFY TECHNOLOGY CORP","CA","CA"
"065464","AMEN",85354,"AMEN PROPERTIES INC","TX","DE"
"065526","HCMU",85909,"HANOVER CAPITAL MTG HOLDINGS","NJ","MD"
"065621","CHC3",85420,"CENTERLINE HOLDING CO","NY","DE"
"065658","TMA9",85509,"TOYMAX INTERNATIONAL INC","NY","DE"
"065838","SNTT",89411,"SEVION THERAPEUTICS INC","CA","DE"
"065908","FTGX",88161,"FIBERNET TELECOM GROUP INC","CO","DE"
"066062","ISAC",85697,"PASSPORT BRANDS INC","NY","DE"
"066281","RAS",85772,"RAIT FINANCIAL TRUST","PA","MD"
"106126","APDN",15057,"APPLIED DNA SCIENCES INC","NY","DE"
"110728","PDII",86083,"INTERPACE BIOSCIENCES INC","NJ","DE"
"112759","USU",86233,"CENTRUS ENERGY CORP","MD","DE"
"113530","ELC",88850,"LIME ENERGY CO","NJ","DE"
"114203","CTEX",15417,"CEMTREX INC","NY","DE"
"114415","WERY",14355,"RICEBRAN TECHNOLOGIES","TX","CA"
"114956","HMPR",91431,"XENITH BANKSHARES INC","VA","VA"
"115077","NAMI",88409,"MERRIMAN HOLDINGS INC","CA","DE"
"117902","ETM",86560,"AUDACY INC","PA","PA"
"118228","VERT",86738,"VERTICALNET INC","PA","PA"
"120656","AOBO",90780,"AMERICAN ORIENTAL BIOENGR","","NV"
"121315","FCCM",87107,"FOCAL COMMUNICATIONS CORP","IL","DE"
"121415","STAD",86999,"STUDENT ADVANTAGE INC","NY","DE"
"122233","TRYG",87095,"TROY GROUP INC","WV","DE"
"122874","IGLD",87168,"INTERNET GOLD-GOLDEN LINES","",""
"122916","COTV",90539,"REGENETP INC","UT","DE"
"125531","PFTR",91471,"OPEXA THERAPEUTICS INC","TX","TX"
"125583","TPCS",87349,"SUNCOM WIRELESS HOLDINGS INC","WA","DE"
"127177","ECRU",87484,"HRSOFT INC","FL",""
"127383","WPCS",90640,"WPCS INTERNATIONAL INC","CA","DE"
"127464","ZTEL",87518,"TRINSIC INC","FL","DE"
"129120","TLXS",87634,"PROXIM WIRELESS CORP","CA","DE"
"133045","IISX",87779,"INTEGRATED INFORMATION SYS","NC","DE"
"136306","ICOH",86270,"PENDRELL CORP","WA","WA"
"137090","NRM2",89833,"BELLUS HEALTH INC","QC",""
"137373","CAPT",88332,"CAPSTONE GREEN ENERGY CORP","CA","DE"
"137722","TBIO",88471,"TRANSGENOMIC INC","NE","DE"
"137861","AIRN",88419,"AIRSPAN NETWORKS HOLDINGS IN","FL","WA"
"138747","TELK",88572,"TELIK INC -OLD","CA","DE"
"140023","DCTU",89169,"DELCATH SYSTEMS INC","NY","DE"
"140042","CIPH",88620,"ASPIRA WOMENS HEALTH INC","TX","DE"
"141278","MOSY",89029,"MOSYS INC","CA","DE"
"141983","KCIN",88910,"BEARINGPOINT INC","VA","DE"
"143403","JE",13185,"JUST ENERGY GROUP INC","ON",""
"143770","NVCN",14660,"NEOVASC INC","BC",""
"144382","NEPT",92222,"NEPTUNE WELLNESS SOLUTION IN","QC","DE"
"144887","NWBT",89277,"NORTHWEST BIOTHERAPEUTICS","MD","DE"
"146564","PRHI",90658,"BAZI INTERNATIONAL INC -OLD","CA","NV"
"148396","SYRX",14610,"INPIXON","CA","NV"
"148552","SPDU",92686,"NILE THERAPEUTICS INC","CA","DE"
"149477","QTWW",89452,"QUANTUM FUEL SYS TECH WORLDW","CA","DE"
"150761","HTMC",16670,"ONTRAK INC","NV","DE"
"150761","HTMC",89956,"ONTRAK INC","NV","DE"
"151423","NEPO",90341,"NEPHROS INC","NJ","DE"
"151928","CBMX",89613,"COMBIMATRIX CORP","CA","DE"
"151928","CBMX",16852,"COMBIMATRIX CORP","CA","DE"
"154605","ONIC",90170,"ORAGENICS INC","FL","FL"
"155393","WLL",89901,"WHITING PETROLEUM CORP","CO","DE"
"155616","AIX",89889,"CINEVERSE CORP","NY","DE"
"155754","AHTI",89803,"ASHFORD HOSPITALITY TRUST","TX","MD"
"156617","ACRD",91086,"ACORDA THERAPEUTICS INC","NY","DE"
"157217","DSTI",90084,"DAYSTAR TECHNOLOGIES INC","CA","DE"
"157863","SFOR",90077,"SUNSET FINANCIAL RES INC","FL","MD"
"157865","MSHL",89935,"MEI PHARMA INC","CA","DE"
"160204","TPHI",90604,"THRESHOLD PHARMACEUTICALS","CA","DE"
"160449","CALL",90355,"CALLWAVE INC","MA","DE"
"160488","NURO",90288,"NEUROMETRIX INC","MA","DE"
"160578","BBMO",13965,"OHR PHARMACEUTICAL INC","NY","DE"
"160623","GEED",91070,"GLOBAL ENTERTAINMENT CORP","","NV"
"160809","XCYT",90098,"CYCLACEL PHARMACEUTICALS","NJ","DE"
"160856","TOPT",90298,"TOP SHIPS INC","",""
"161066","FMPN",90498,"FELDMAN MALL PPTYS INC -OLD","PA","MD"
"162408","NCTN",90483,"THE9 LTD -ADR","",""
"162459","BBGC",90494,"HIGHPOINT RESOURCES CORP","CO","DE"
"162497","CRXX",90968,"ZALICUS INC","MA","DE"
"162585","SNSS",90907,"SUNESIS PHARMACEUTICALS INC","CA","DE"
"162732","EPCT",91078,"EPICEPT CORP-OLD","NY","DE"
"162768","DRYS",90589,"DRYSHIPS INC","",""
"162958","TRGT",91184,"TARGACEPT INC","NC","DE"
"163595","DRVR",86165,"ALTO INGREDIENTS INC","IL","DE"
"163596","PIVC",92571,"CAMBER ENERGY INC -OLD","TX","NV"
"163685","EGBI",90724,"EAGLE BULK SHIPPING INC","CT",""
"163806","NETE",12350,"NET ELEMENT INC","FL","DE"
"163947","RAMS",90743,"NEWLEAD HOLDINGS LTD","",""
"164284","HOTR",13455,"CHANTICLEER HOLDINGS INC","NC","DE"
"164404","CHLD",92681,"CHINA HOUSING & LAND DEV INC","","NV"
"164510","PIPK",90926,"PHARMATHENE INC","MD","DE"
"164511","ADXS",14237,"ADVAXIS INC-OLD","NJ","DE"
"165745","LPTN",13648,"LPATH INC","CA","DE"
"165768","FREQ",91023,"FREESEAS INC","",""
"166087","HE10",13976,"AIR INDUSTRIES GROUP INC","NY","NV"
"166434","CHIP",91816,"POSITIVEID CORP","FL","DE"
"166460","ASTQ",91428,"ASCENT SOLAR TECH INC","CO","DE"
"166582","RAMH",91183,"AMERICAN OVERSEAS GROUP LTD","",""
"170307","LSPT",88258,"GADSEN PROPERTIES INC","TX","NV"
"170420","GIXC",14094,"CANCER GENETICS INC","NJ","DE"
"170655","TYRI",16680,"SILVERSUN TECHNOLOGIES INC","NJ","DE"
"171187","RIXI",14468,"PHIO PHARMACEUTICALS CORP","MA","DE"
"174115","VRTB",91285,"VESTIN REALTY MORTGAGE II","NV","MD"
"174169","RAME",91283,"BATTALION OIL CORP","TX","DE"
"175013","OPMO",13385,"IMMUNOCELLULAR THERPTICS LTD","CA","DE"
"175271","CEPL",91845,"EVOLVE TRANSITION INFRAST LP","TX","DE"
"175342","IRHM",92682,"TAOPING INC","",""
"175347","COIN",91893,"CONVERTED ORGANICS INC -OLD","MA","DE"
"175424","OCLS",91742,"SONOMA PHARMACEUTICALS INC","CO","DE"
"175490","MBLX",91615,"YIELD10 BIOSCIENCE INC","MA","DE"
"175509","UGIR",92054,"TOWERSTREAM CORP","RI","DE"
"175518","ROSG",91829,"ROSETTA GENOMICS LTD","",""
"175674","SFOR",90077,"COHEN & COMPANY INC","PA","MD"
"176118","RNIN",91619,"WIRELESS RONIN TECHNLGS -OLD","MN","MN"
"176229","NRLS",92252,"SENECA BIOPHARMA INC","MD","DE"
"176768","BLSI",92091,"BRIDGELINE DIGITAL INC","MA","DE"
"177112","BIOD",92032,"BIODEL INC","CT","DE"
"177228","NVBY",92345,"NOVABAY PHARMACEUTICALS INC","CA","DE"
"177259","OCNF",91963,"OCEANFREIGHT INC","",""
"177764","SHM",92130,"THERIVA BIOLOGICS INC","MD","NV"
"177981","AMDA",14444,"SINTX TECHNOLOGIES INC","UT","DE"
"178082","PRGP",92224,"PARAGON SHIPPING INC","",""
"178153","SBEI",68145,"NEONODE INC","","DE"
"178403","SRG",92380,"SEANERGY MARITIME HOLDINGS C","",""
"178847","OBLN",16393,"RESHAPE LIFESCIENCES INC","CA","DE"
"178847","ETRM",92433,"RESHAPE LIFESCIENCES INC","CA","DE"
"178939","EONE",92266,"CD INTERNATIONAL ENTERPRISES","FL","FL"
"179360","MILB",84321,"ATRINSIC INC -OLD","NY","DE"
"179417","RSOL",92687,"REAL GOODS SOLAR INC","CO","CO"
"179428","HMSR",80452,"DARA BIOSCIENCES INC","NC","DE"
"179447","NXOI",17324,"MONAKER GROUP INC","FL","NV"
"179454","INTA",78690,"DECISIONPOINT SYSTEMS INC","CA","DE"
"179461","AYTU",16974,"AYTU BIOPHARMA INC","CO","DE"
"179605","RXII",92594,"GALENA BIOPHARMA INC","CA","DE"
"180698","SNUS",82526,"ONCOGENEX PHARMACEUTICALS","WA","DE"
"180866","MYOS",14820,"MYOS RENS TECHNOLOGY INC","NJ","NV"
"180937","MNGA",13556,"TARONIS TECHNOLOGIES","AZ","DE"
"182023","ONCZ",15380,"ONCOSEC MEDICAL INC","NJ",""
"182309","HYSQ",85293,"ARCA BIOPHARMA INC","CO","DE"
"182788","HCMU",85909,"DITECH HOLDING CORP","PA","MD"
"182826","CLGY",82163,"DMK PHARMACEUTICALS CORP","CA","DE"
"183547","PNDA",16819,"CODA OCTOPUS GROUP INC","FL","DE"
"183879","ANTH",93300,"ANTHERA PHARMACEUTCLS INC","TX","DE"
"184241","NVNW",88806,"UNITEK GLOBAL SERVICES INC","PA","DE"
"185495","HPLF",14420,"ALLIQUA BIOMEDICAL INC","PA","DE"
"185587","SGLB",16594,"SIGMA ADDITIVE SOLUTIONS INC","NM","NV"
"185826","DSGS",15297,"INVIVO THERAPEUTICS HLDGS CO","MA","NV"
"186197","DCIX",12500,"PERFORMANCE SHIPPING INC","",""
"186437","GEVO",12579,"GEVO INC","CO","DE"
"186953","NSPZ",13844,"INSPIREMD INC","","DE"
"186974","NVLT",14862,"CELLECTAR BIOSCIENCES INC","NJ","DE"
"187215","EGAL",12792,"GLOBAL EAGLE ENTERTAINMENT","CA","DE"
"187368","00PM",16070,"VISTAGEN THERAPEUTICS INC","CA","NV"
"187698","BCEI",13116,"CIVITAS RESOURCES INC","CO","DE"
"187720","001C",14447,"ARGOS THERAPEUTICS INC","NC","DE"
"190572","00RA",15662,"STAFFING 360 SOLUTIONS INC","NY","DE"
"190856","TNXP",14107,"TONIX PHARMACEUTICALS HLDG","NJ",""
"194256","WHLR",13700,"WHEELER REAL ESTATE INVT TR","VA","MD"
"209418","VCO",81049,"VINA CONCHA Y TORO SA","",""
"224796","BVRS",86383,"EVIATION AIRCRAFT LTD","",""
"237269","XBIO",16473,"XENETIC BIOSCIENCES INC","MA",""
"254096","CYTX",91021,"PLUS THERAPEUTICS INC","TX","DE"
"254381","BNTC",19665,"BENITEC BIOPHARMA LTD","CA",""
"260737","OPTT",91964,"OCEAN POWER TECHNOLOGIES INC","NJ","DE"
"260919","XCYT",90098,"XCYTE THERAPIES INC","WA","DE"
"264713","IFOS",90207,"INFOSONICS CORP -OLD","CA","MD"
"266163","DENG",90681,"DUNE ENERGY INC","TX","DE"
"267059","LOMA",17092,"LOMA NEGRA C.I.A.S.A.","",""
"271841","GFA",91859,"GAFISA SA","",""
"271987","SSHX",13279,"NUWELLIS INC","MN","DE"
"273726","SDRL",93338,"SEADRILL LTD","",""
"285135","GSLB",12397,"GLOBUS MARITIME LTD","",""
"289735","YQR1",14060,"VISLINK TECHNOLOGIES INC","NJ","DE"
"291881","CANF",14272,"CAN FITE BIOPHARMA LTD","",""
"294007","00U5",15642,"INTEC PHARMA LTD","",""
"296318","ORIG",13013,"OCEAN RIG UDW INC","",""
"296885","RDHL",13707,"REDHILL BIOPHARMA LTD","",""
"297209","PACD",13104,"PACIFIC DRILLING SA","CA",""
"297510","APOP",16161,"CELLECT BIOTECHNOLOGY LTD","",""
"331856","003G",14615,"IMMUNIC INC","NY","DE"
"332115","TGEN",80577,"ARMATA PHARMACEUTICALS INC","CA","WA"
"349530","NXOI",17324,"NEXTPLAY TECHNOLOGIES INC","FL","NV"
"349972","00U5",15642,"INDAPTUS THERAPEUTICS INC","NY","DE"
"351038","APOP",16161,"QUOIN PHARMACEUTICALS LTD","VA",""
NA,"CBMX",NA,NA,NA,NA
NA,"BASE",NA,NA,NA,NA
NA,"HCMU",85909,NA,NA,NA
NA,"003G",14615,NA,NA,NA
NA,"NVNW",88806,NA,NA,NA
NA,"SNTT",89411,NA,NA,NA
NA,"00U5",15642,NA,NA,NA
NA,"NXOI",17324,NA,NA,NA
NA,"00AW",14708,NA,NA,NA
NA,"JAGX",15375,NA,NA,NA
NA,"CHMX",NA,NA,NA,NA
NA,"00B1",14937,NA,NA,NA
NA,"PLC1",NA,NA,NA,NA
NA,"HOTR",13455,NA,NA,NA
NA,"RXII",92594,NA,NA,NA
NA,"CLGY",82163,NA,NA,NA
NA,"DRVR",86165,NA,NA,NA
NA,"RXN",NA,NA,NA,NA
NA,"HSGX",15132,NA,NA,NA
NA,"CRXX",90968,NA,NA,NA
NA,"LPTN",13648,NA,NA,NA
NA,"010V",15950,NA,NA,NA
NA,"DTM",63546,NA,NA,NA
NA,"HTMC",NA,NA,NA,NA
NA,"PRTO",15015,NA,NA,NA
NA,"COIN",91893,NA,NA,NA
NA,"017Q",16255,NA,NA,NA
NA,"TANC",14046,NA,NA,NA
NA,"HYSQ",85293,NA,NA,NA
NA,"OVSC",13883,NA,NA,NA
NA,"TBIO",88471,NA,NA,NA
NA,"IASG",NA,NA,NA,NA
NA,"BBMO",13965,NA,NA,NA
NA,"AA0T",NA,NA,NA,NA
NA,"MIRN",15787,NA,NA,NA
NA,"EPCT",91078,NA,NA,NA
NA,"AA25",18148,NA,NA,NA
NA,"CTII",77437,NA,NA,NA
NA,"BIOD",92032,NA,NA,NA
NA,"TGEN",80577,NA,NA,NA
NA,"ACIX",NA,NA,NA,NA
NA,"HAIR",16987,NA,NA,NA
NA,"CTSC",76908,NA,NA,NA
NA,"INTA",78690,NA,NA,NA
NA,"PNDA",NA,NA,NA,NA
NA,"TRGT",91184,NA,NA,NA
NA,"NEXM",88177,NA,NA,NA
NA,"TPHI",90604,NA,NA,NA
NA,"PIPK",90926,NA,NA,NA
NA,"HMSR",80452,NA,NA,NA
NA,"PIVC",92571,NA,NA,NA
NA,"SHM",NA,NA,NA,NA
NA,"FLKS",15177,NA,NA,NA
NA,"NEOT",15075,NA,NA,NA
NA,"OBLN",16393,NA,NA,NA
NA,"WIR1",81761,NA,NA,NA
NA,"BKYS",90101,NA,NA,NA
NA,"MILB",84321,NA,NA,NA
NA,"CAF1",NA,NA,NA,NA
NA,"GIXC",14094,NA,NA,NA
NA,"APOP",16161,NA,NA,NA
NA,"SFOR",90077,NA,NA,NA
NA,"WPCS",90640,NA,NA,NA
NA,"NTNX",76963,NA,NA,NA
NA,"WONE",82668,NA,NA,NA
NA,"UACA",NA,NA,NA,NA
NA,"NPIX",NA,NA,NA,NA
NA,"WU",NA,NA,NA,NA
NA,"TMOT",86536,NA,NA,NA
NA,"NRLS",92252,NA,NA,NA
NA,"MYOS",14820,NA,NA,NA
NA,"FMPN",90498,NA,NA,NA
NA,"VICL",79022,NA,NA,NA
NA,"PFTR",91471,NA,NA,NA
NA,"TELK",88572,NA,NA,NA
NA,"SGY",79444,NA,NA,NA
NA,"XCYT",90098,NA,NA,NA
NA,"PYOL",64822,NA,NA,NA
NA,"BASE",17049,NA,NA,NA
NA,"SP0C",82215,NA,NA,NA
NA,"FFC",68419,NA,NA,NA
NA,"SNUS",82526,NA,NA,NA
NA,"ETRM",NA,NA,NA,NA
NA,"SPDU",92686,NA,NA,NA
NA,"BPMX",15443,NA,NA,NA
NA,"RTTR",15436,NA,NA,NA
NA,"SBEI",68145,NA,NA,NA
NA,"SNSS",90907,NA,NA,NA
